Workbook

Sheet Staffing plan
A1: Epic and Salesforce CRM and patient care program: best-case staffing plan
A2: FTE by phase. Blue values are inputs; edit them and totals recalculate.
A4: # | B4: Group | C4: Role | D4: Pod | E4: Level | F4: Location | G4: Key skills | H4: Discovery and design | I4: Build | J4: Test | K4: Deploy and hypercare | L4: Avg FTE
A5: 1 | B5: Leadership and architecture | C5: Program manager leader | D5: All | E5: Senior manager | F5: Onshore | G5: Healthcare program delivery, multi-vendor governance, Epic and Salesforce programs | H5: 1 | I5: 1 | J5: 1 | K5: 1 | L5: =AVERAGE(H5:K5) -> 1
A6: 2 | B6: Leadership and architecture | C6: Solution architect | D6: All | E6: Manager / senior manager | F6: Onshore | G6: End-to-end solution design, Health Cloud, Epic touchpoints, discovery leadership | H6: 1 | I6: 1 | J6: 0.5 | K6: 0.5 | L6: =AVERAGE(H6:K6) -> 0.75
A7: 3 | B7: Leadership and architecture | C7: Technical architect (Salesforce) | D7: All | E7: Manager | F7: Onshore | G7: Salesforce platform architecture, Health Cloud data model, sharing, scale | H7: 1 | I7: 1 | J7: 0.5 | K7: 0.5 | L7: =AVERAGE(H7:K7) -> 0.75
A8: 4 | B8: Leadership and architecture | C8: Integration architect (Epic interoperability) | D8: All | E8: Manager | F8: Onshore | G8: FHIR, HL7 v2, Epic APIs, middleware patterns, event-driven integration | H8: 1 | I8: 1 | J8: 0.5 | K8: 0.25 | L8: =AVERAGE(H8:K8) -> 0.6875
A9: 5 | B9: Leadership and architecture | C9: Data architect | D9: All | E9: Senior consultant / manager | F9: Onshore | G9: Patient identity matching, data migration strategy, Data Cloud, analytics | H9: 0.5 | I9: 1 | J9: 0.5 | K9: 0.25 | L9: =AVERAGE(H9:K9) -> 0.5625
A10: 6 | B10: Leadership and architecture | C10: Security architect | D10: All | E10: Senior consultant | F10: Onshore | G10: PHI access model, Shield and encryption, field-level security, audit | H10: 0.5 | I10: 0.25 | J10: 0.25 | K10: 0.25 | L10: =AVERAGE(H10:K10) -> 0.3125
A11: 7 | B11: Leadership and architecture | C11: Epic application analyst | D11: Billing and revenue | E11: Senior consultant | F11: Onshore | G11: Epic certified: Resolute, Cadence, MyChart | H11: 1 | I11: 1 | J11: 0.5 | K11: 0.5 | L11: =AVERAGE(H11:K11) -> 0.75
A12: 8 | B12: Functional and design | C12: Business analyst, CRM | D12: CRM | E12: Consultant / senior consultant | F12: Onshore | G12: Requirements, user stories, patient engagement and service processes | H12: 1 | I12: 1 | J12: 0.5 | K12: 0.25 | L12: =AVERAGE(H12:K12) -> 0.6875
A13: 9 | B13: Functional and design | C13: Business analyst, patient care | D13: Patient care | E13: Consultant / senior consultant | F13: Onshore | G13: Care coordination, care plans, scheduling workflows | H13: 1 | I13: 1 | J13: 0.5 | K13: 0.25 | L13: =AVERAGE(H13:K13) -> 0.6875
A14: 10 | B14: Functional and design | C14: Business analyst, billing and revenue | D14: Billing and revenue | E14: Senior consultant | F14: Onshore | G14: Revenue cycle, patient estimates, payments, Epic billing touchpoints | H14: 1 | I14: 1 | J14: 0.5 | K14: 0.25 | L14: =AVERAGE(H14:K14) -> 0.6875
A15: 11 | B15: Functional and design | C15: UX designer | D15: All | E15: Senior consultant | F15: Onshore | G15: Patient and staff experience design, accessibility | H15: 1 | I15: 0.5 | J15: 0 | K15: 0 | L15: =AVERAGE(H15:K15) -> 0.375
A16: 12 | B16: Delivery pods | C16: Dev lead, CRM | D16: CRM | E16: Senior consultant | F16: Onshore | G16: Salesforce development lead, Health Cloud, Service Cloud | H16: 1 | I16: 1 | J16: 0.5 | K16: 0.5 | L16: =AVERAGE(H16:K16) -> 0.75
... A34: 30 | B34: Change and adoption | C34: OCM and training lead | D34: All | E34: Manager / senior consultant | F34: Onshore | G34: Clinical adoption, training design, communications | H34: 0.5 | I34: 0.25 | J34: 0.5 | K34: 1 | L34: =AVERAGE(H34:K34) -> 0.5625
C35: Total FTE | H35: =SUM(H5:H34) -> 14.25 | I35: =SUM(I5:I34) -> 26.5 | J35: =SUM(J5:J34) -> 18.75 | K35: =SUM(K5:K34) -> 11 | L35: =SUM(L5:L34) -> 17.625
C36: Onshore FTE | H36: =SUMIFS(H5:H34,$F$5:$F$34,"Onshore") -> 14 | I36: =SUMIFS(I5:I34,$F$5:$F$34,"Onshore") -> 17.5 | J36: =SUMIFS(J5:J34,$F$5:$F$34,"Onshore") -> 11.75 | K36: =SUMIFS(K5:K34,$F$5:$F$34,"Onshore") -> 9.25 | L36: =SUMIFS(L5:L34,$F$5:$F$34,"Onshore") -> 13.125
C37: Offshore FTE | H37: =SUMIFS(H5:H34,$F$5:$F$34,"Offshore") -> 0.25 | I37: =SUMIFS(I5:I34,$F$5:$F$34,"Offshore") -> 9 | J37: =SUMIFS(J5:J34,$F$5:$F$34,"Offshore") -> 7 | K37: =SUMIFS(K5:K34,$F$5:$F$34,"Offshore") -> 1.75 | L37: =SUMIFS(L5:L34,$F$5:$F$34,"Offshore") -> 4.5
C38: Named roles | H38: =COUNTA(C5:C34) -> 30

Sheet Pod summary
A1: Build-phase headcount and FTE by pod
A3: Pod | B3: Onshore roles | C3: Offshore roles | D3: Build FTE
A4: CRM | B4: =COUNTIFS('Staffing plan'!$D$5:$D$34,E4,'Staffing plan'!$F$5:$F$34,"Onshore") -> 2 | C4: =COUNTIFS('Staffing plan'!$D$5:$D$34,E4,'Staffing plan'!$F$5:$F$34,"Offshore") -> 2 | D4: =SUMIFS('Staffing plan'!$I$5:$I$34,'Staffing plan'!$D$5:$D$34,E4) -> 4 | E4: CRM
A5: Patient care | B5: =COUNTIFS('Staffing plan'!$D$5:$D$34,E5,'Staffing plan'!$F$5:$F$34,"Onshore") -> 2 | C5: =COUNTIFS('Staffing plan'!$D$5:$D$34,E5,'Staffing plan'!$F$5:$F$34,"Offshore") -> 2 | D5: =SUMIFS('Staffing plan'!$I$5:$I$34,'Staffing plan'!$D$5:$D$34,E5) -> 4 | E5: Patient care
A6: Billing and revenue | B6: =COUNTIFS('Staffing plan'!$D$5:$D$34,E6,'Staffing plan'!$F$5:$F$34,"Onshore") -> 3 | C6: =COUNTIFS('Staffing plan'!$D$5:$D$34,E6,'Staffing plan'!$F$5:$F$34,"Offshore") -> 2 | D6: =SUMIFS('Staffing plan'!$I$5:$I$34,'Staffing plan'!$D$5:$D$34,E6) -> 5 | E6: Billing and revenue
A7: Shared (all pods) | B7: =COUNTIFS('Staffing plan'!$D$5:$D$34,E7,'Staffing plan'!$F$5:$F$34,"Onshore") -> 13 | C7: =COUNTIFS('Staffing plan'!$D$5:$D$34,E7,'Staffing plan'!$F$5:$F$34,"Offshore") -> 4 | D7: =SUMIFS('Staffing plan'!$I$5:$I$34,'Staffing plan'!$D$5:$D$34,E7) -> 13.5 | E7: All
A8: Total | B8: =SUM(B4:B7) -> 20 | C8: =SUM(C4:C7) -> 10 | D8: =SUM(D4:D7) -> 26.5

Sheet Assumptions
A1: Planning assumptions
A3: Assumption | B3: Source
A4: Phases: discovery and design (~10 weeks), build (~6 sprints), test (SIT and UAT), deploy and hypercare | B4: Planning assumption
A5: Stack finalizes during discovery; Epic plus Salesforce is the working assumption | B5: User
A6: Client restricts PHI from leaving the country; offshore roles work with synthetic or de-identified data | B6: Planning assumption
A7: Onshore required where a role touches production PHI, runs client workshops, or owns Epic integration testing | B7: Planning assumption
A8: Unified testing team: one test lead plus five testers | B8: User
A9: Three delivery pods: CRM, patient care modules, billing and revenue | B9: User
A10: FTE values are planning estimates by phase; Avg FTE is a simple average across the four phases, not duration-weighted | B10: Planning assumption

Sheet Client-provided
A1: Client-provided roles (assumed, not staffed by us)
A3: Role | B3: Notes
A4: Executive sponsor | B4: Decision authority and escalation
A5: Product owner, one per pod | B5: Backlog ownership and acceptance
A6: Clinical informaticist or clinical SME | B6: Clinical workflow validation
A7: Client Epic analysts and Epic integration team | B7: Works alongside the Epic application analyst
A8: Compliance and privacy officer | B8: Sign-off on PHI access model and data handling

Sheet Risks and options
A1: Expected pushback and options
A3: Item | B3: Detail
A4: Plan size | B4: 30 roles is heavy before the stack is chosen. Minimum viable version moves UX, security architect and data architect to fractional shared resources and folds the test data role into the test lead (about 24 roles).
A5: Epic application analyst | B5: Hardest role to fill internally because Epic certification requires organizational sponsorship. Good test case for the matcher's no-strong-match behavior.
A6: Pod sizing | B6: Original plan had 2 onshore leads and 4 offshore developers across 3 pods. This plan uses 3 leads and 6 developers so every pod is led and evenly staffed.
A7: Testing ratio | B7: Testing headcount roughly equals development; automation and test data roles justify the ratio for healthcare regression and UAT.
